date,close,pct_change
2020-01-01,23171.0,0.0
2020-01-02,23168.0,-0.0001
2020-01-03,23171.0,0.0001
2020-01-06,23176.0,0.0002
2020-01-07,23175.0,0.0
2020-01-08,23175.0,0.0
2020-01-09,23173.0,-0.0001
2020-01-10,23176.0,0.0001
2020-01-13,23173.0,-0.0001
2020-01-14,23175.0,0.0001
2020-01-15,23170.0,-0.0002
2020-01-16,23171.0,0.0
2020-01-17,23170.0,0.0
2020-01-20,23169.0,0.0
2020-01-21,23170.0,0.0
2020-01-22,23169.0,0.0
2020-01-23,23169.0,0.0
2020-01-24,23169.0,0.0
2020-01-27,23169.0,0.0
2020-01-28,23169.0,0.0
2020-01-29,23169.0,0.0
2020-01-30,23182.0,0.0006
2020-01-31,23222.0,0.0017000000000000001
2020-02-03,23250.0,0.0012
2020-02-04,23230.0,-0.0009
2020-02-05,23220.0,-0.0004
2020-02-06,23221.0,0.0
2020-02-07,23230.0,0.0004
2020-02-10,23258.0,0.0012
2020-02-11,23240.0,-0.0008
2020-02-12,23250.0,0.0004
2020-02-13,23239.0,-0.0005
2020-02-14,23245.0,0.0003
2020-02-17,23228.0,-0.0007000000000000001
2020-02-18,23239.0,0.0005
2020-02-19,23225.0,-0.0006
2020-02-20,23236.0,0.0005
2020-02-21,23242.0,0.0003
2020-02-24,23247.0,0.0002
2020-02-25,23270.0,0.001
2020-02-26,23240.0,-0.0013
2020-02-27,23240.0,0.0
2020-02-28,23240.0,0.0
2020-03-02,23240.0,0.0
2020-03-03,23218.0,-0.0009
2020-03-04,23206.0,-0.0005
2020-03-05,23210.0,0.0002
2020-03-06,23205.0,-0.0002
2020-03-09,23172.0,-0.0014000000000000002
2020-03-10,23174.0,0.0001
2020-03-11,23172.0,-0.0001
2020-03-12,23195.0,0.001
2020-03-13,23208.0,0.0006
2020-03-16,23225.0,0.0007000000000000001
2020-03-17,23238.0,0.0006
2020-03-18,23282.0,0.0019
2020-03-19,23354.0,0.0031
2020-03-20,23455.0,0.0043
2020-03-23,23540.0,0.0036
2020-03-24,23580.0,0.0017000000000000001
2020-03-25,23600.0,0.0008
2020-03-26,23620.0,0.0008
2020-03-27,23620.0,0.0
2020-03-30,23640.0,0.0008
2020-03-31,23616.0,-0.001
2020-04-01,23590.0,-0.0011
2020-04-02,23590.0,0.0
2020-04-03,23550.0,-0.0017000000000000001
2020-04-06,23440.0,-0.004699999999999999
2020-04-07,23450.0,0.0004
2020-04-08,23550.0,0.0043
2020-04-09,23488.0,-0.0026
2020-04-10,23435.0,-0.0023
2020-04-13,23432.0,-0.0001
2020-04-14,23471.0,0.0017000000000000001
2020-04-15,23440.0,-0.0013
2020-04-16,23440.0,0.0
2020-04-17,23424.0,-0.0007000000000000001
2020-04-20,23450.0,0.0011
2020-04-21,23460.0,0.0004
2020-04-22,23479.0,0.0008
2020-04-23,23485.0,0.0003
2020-04-24,23505.0,0.0009
2020-04-27,23455.0,-0.0021
2020-04-28,23442.0,-0.0006
2020-04-29,23428.0,-0.0006
2020-04-30,23428.0,0.0
2020-05-01,23428.0,0.0
2020-05-04,23445.0,0.0007000000000000001
2020-05-05,23421.0,-0.001
2020-05-06,23423.0,0.0001
2020-05-07,23425.0,0.0001
2020-05-08,23377.0,-0.002
2020-05-11,23322.0,-0.0024
2020-05-12,23330.0,0.0003
2020-05-13,23347.0,0.0007000000000000001
2020-05-14,23350.0,0.0001
2020-05-15,23355.0,0.0002
2020-05-18,23338.0,-0.0007000000000000001
2020-05-19,23295.0,-0.0018
2020-05-20,23270.0,-0.0011
2020-05-21,23275.0,0.0002
2020-05-22,23267.0,-0.0003
2020-05-25,23312.0,0.0019
2020-05-26,23336.0,0.001
2020-05-27,23325.0,-0.0005
2020-05-28,23300.0,-0.0011
2020-05-29,23280.0,-0.0009
2020-06-01,23260.0,-0.0009
2020-06-02,23253.0,-0.0003
2020-06-03,23260.0,0.0003
2020-06-04,23263.0,0.0001
2020-06-05,23255.0,-0.0003
2020-06-08,23255.0,0.0
2020-06-09,23205.0,-0.0022
2020-06-10,23190.0,-0.0006
2020-06-11,23215.0,0.0011
2020-06-12,23206.0,-0.0004
2020-06-15,23220.0,0.0006
2020-06-16,23210.0,-0.0004
2020-06-17,23196.0,-0.0006
2020-06-18,23210.0,0.0006
2020-06-19,23215.0,0.0002
2020-06-22,23210.0,-0.0002
2020-06-23,23213.0,0.0001
2020-06-24,23195.0,-0.0008
2020-06-25,23208.0,0.0006
2020-06-26,23210.0,0.0001
2020-06-29,23198.0,-0.0005
2020-06-30,23204.0,0.0003
2020-07-01,23203.0,0.0
2020-07-02,23202.0,0.0
2020-07-03,23199.0,-0.0001
2020-07-06,23201.0,0.0001
2020-07-07,23180.0,-0.0009
2020-07-08,23188.0,0.0003
2020-07-09,23184.0,-0.0002
2020-07-10,23177.0,-0.0003
2020-07-13,23179.0,0.0001
2020-07-14,23181.0,0.0001
2020-07-15,23183.0,0.0001
2020-07-16,23184.0,0.0
2020-07-17,23191.0,0.0003
2020-07-20,23188.0,-0.0001
2020-07-21,23180.0,-0.0003
2020-07-22,23184.0,0.0002
2020-07-23,23180.0,-0.0002
2020-07-24,23175.0,-0.0002
2020-07-27,23181.0,0.0003
2020-07-28,23170.0,-0.0005
2020-07-29,23175.0,0.0002
2020-07-30,23175.0,0.0
2020-07-31,23170.0,-0.0002
2020-08-03,23170.0,0.0
2020-08-04,23175.0,0.0002
2020-08-05,23174.0,0.0
2020-08-06,23173.0,0.0
2020-08-07,23173.0,0.0
2020-08-10,23170.0,-0.0001
2020-08-11,23174.0,0.0002
2020-08-12,23175.0,0.0
2020-08-13,23174.0,0.0
2020-08-14,23174.0,0.0
2020-08-17,23174.0,0.0
2020-08-18,23174.0,0.0
2020-08-19,23174.0,0.0
2020-08-20,23174.0,0.0
2020-08-21,23175.0,0.0
2020-08-24,23177.0,0.0001
2020-08-25,23170.0,-0.0003
2020-08-26,23174.0,0.0002
2020-08-27,23174.0,0.0
2020-08-28,23174.0,0.0
2020-08-31,23174.0,0.0
2020-09-01,23174.0,0.0
2020-09-02,23174.0,0.0
2020-09-03,23174.0,0.0
2020-09-04,23178.0,0.0002
2020-09-07,23174.0,-0.0002
2020-09-08,23176.0,0.0001
2020-09-09,23175.0,0.0
2020-09-10,23172.5,-0.0001
2020-09-11,23174.0,0.0001
2020-09-14,23175.0,0.0
2020-09-15,23175.0,0.0
2020-09-16,23178.0,0.0001
2020-09-17,23170.0,-0.0003
2020-09-18,23170.0,0.0
2020-09-21,23178.0,0.0003
2020-09-22,23177.0,0.0
2020-09-23,23185.0,0.0003
2020-09-24,23184.0,0.0
2020-09-25,23191.0,0.0003
2020-09-28,23188.0,-0.0001
2020-09-29,23190.0,0.0001
2020-09-30,23181.0,-0.0004
2020-10-01,23188.0,0.0003
2020-10-02,23191.0,0.0001
2020-10-05,23203.0,0.0005
2020-10-06,23205.0,0.0001
2020-10-07,23205.0,0.0
2020-10-08,23191.0,-0.0006
2020-10-09,23180.0,-0.0005
2020-10-12,23178.0,-0.0001
2020-10-13,23177.0,0.0
2020-10-14,23175.0,-0.0001
2020-10-15,23170.0,-0.0002
2020-10-16,23175.0,0.0002
2020-10-19,23175.0,0.0
2020-10-20,23179.0,0.0002
2020-10-21,23177.0,-0.0001
2020-10-22,23176.0,0.0
2020-10-23,23176.0,0.0
2020-10-26,23175.0,0.0
2020-10-27,23175.0,0.0
2020-10-28,23176.0,0.0
2020-10-29,23170.0,-0.0003
2020-10-30,23180.0,0.0004
2020-11-02,23177.0,-0.0001
2020-11-03,23176.0,0.0
2020-11-04,23176.0,0.0
2020-11-05,23175.0,0.0
2020-11-06,23176.0,0.0
2020-11-09,23170.0,-0.0003
2020-11-10,23173.0,0.0001
2020-11-11,23175.0,0.0001
2020-11-12,23175.0,0.0
2020-11-13,23175.0,0.0
2020-11-16,23175.0,0.0
2020-11-17,23163.0,-0.0005
2020-11-18,23160.0,-0.0001
2020-11-19,23176.0,0.0007000000000000001
2020-11-20,23176.0,0.0
2020-11-23,23177.0,0.0
2020-11-24,23151.0,-0.0011
2020-11-25,23160.0,0.0004
2020-11-26,23164.0,0.0002
2020-11-27,23160.0,-0.0002
2020-11-30,23140.0,-0.0009
2020-12-01,23129.0,-0.0005
2020-12-02,23129.0,0.0
2020-12-03,23125.0,-0.0002
2020-12-04,23130.0,0.0002
2020-12-07,23127.0,-0.0001
2020-12-08,23128.0,0.0
2020-12-09,23128.0,0.0
2020-12-10,23128.0,0.0
2020-12-11,23128.0,0.0
2020-12-14,23126.0,-0.0001
2020-12-15,23126.0,0.0
2020-12-16,23126.0,0.0
2020-12-17,23120.0,-0.0003
2020-12-18,23124.0,0.0002
2020-12-21,23120.0,-0.0002
2020-12-22,23127.0,0.0003
2020-12-23,23130.0,0.0001
2020-12-24,23125.0,-0.0002
2020-12-25,23130.0,0.0002
2020-12-28,23125.0,-0.0002
2020-12-29,23120.0,-0.0002
2020-12-30,23088.0,-0.0014000000000000002
2020-12-31,23070.0,-0.0008
2021-01-01,23070.0,0.0
2021-01-04,23070.0,0.0
2021-01-05,23080.0,0.0004
2021-01-06,23090.0,0.0004
2021-01-07,23078.0,-0.0005
2021-01-08,23066.0,-0.0005
2021-01-11,23050.0,-0.0007000000000000001
2021-01-12,23065.0,0.0007000000000000001
2021-01-13,23064.0,0.0
2021-01-14,23064.0,0.0
2021-01-15,23065.0,0.0
2021-01-18,23069.0,0.0002
2021-01-19,23069.0,0.0
2021-01-20,23072.0,0.0001
2021-01-21,23060.0,-0.0005
2021-01-22,23070.0,0.0004
2021-01-25,23060.0,-0.0004
2021-01-26,23069.0,0.0004
2021-01-27,23069.0,0.0
2021-01-28,23059.0,-0.0004
2021-01-29,23048.0,-0.0005
2021-02-01,23045.0,-0.0001
2021-02-02,23027.0,-0.0008
2021-02-03,23020.0,-0.0003
2021-02-04,23015.0,-0.0002
2021-02-05,23000.0,-0.0007000000000000001
2021-02-08,22970.0,-0.0013
2021-02-09,23010.0,0.0017000000000000001
2021-02-10,23010.0,0.0
2021-02-11,23010.0,0.0
2021-02-12,23010.0,0.0
2021-02-15,23010.0,0.0
2021-02-16,23010.0,0.0
2021-02-17,23010.0,0.0
2021-02-18,23015.0,0.0002
2021-02-19,23018.0,0.0001
2021-02-22,23020.0,0.0001
2021-02-23,23025.0,0.0002
2021-02-24,23020.0,-0.0002
2021-02-25,23025.0,0.0002
2021-02-26,23015.0,-0.0004
2021-03-01,23020.0,0.0002
2021-03-02,23022.0,0.0001
2021-03-03,23020.0,-0.0001
2021-03-04,23019.0,0.0
2021-03-05,23033.0,0.0006
2021-03-08,23025.0,-0.0003
2021-03-09,23060.0,0.0015
2021-03-10,23052.0,-0.0003
2021-03-11,23051.0,0.0
2021-03-12,23055.0,0.0002
2021-03-15,23081.0,0.0011
2021-03-16,23082.0,0.0
2021-03-17,23045.0,-0.0016
2021-03-18,23065.0,0.0009
2021-03-19,23073.0,0.0003
2021-03-22,23076.0,0.0001
2021-03-23,23070.0,-0.0003
2021-03-24,23080.0,0.0004
2021-03-25,23084.0,0.0002
2021-03-26,23084.0,0.0
2021-03-29,23070.0,-0.0006
2021-03-30,23070.0,0.0
2021-03-31,23074.0,0.0002
2021-04-01,23065.0,-0.0004
2021-04-02,23073.0,0.0003
2021-04-05,23079.0,0.0003
2021-04-06,23090.0,0.0005
2021-04-07,23090.0,0.0
2021-04-08,23085.0,-0.0002
2021-04-09,23065.0,-0.0009
2021-04-12,23067.0,0.0001
2021-04-13,23069.0,0.0001
2021-04-14,23078.0,0.0004
2021-04-15,23073.0,-0.0002
2021-04-16,23067.0,-0.0003
2021-04-19,23073.0,0.0003
2021-04-20,23074.0,0.0
2021-04-21,23074.0,0.0
2021-04-22,23070.0,-0.0002
2021-04-23,23070.0,0.0
2021-04-26,23040.0,-0.0013
2021-04-27,23042.0,0.0001
2021-04-28,23047.0,0.0002
2021-04-29,23054.0,0.0003
2021-04-30,23054.0,0.0
2021-05-03,23054.0,0.0
2021-05-04,23050.0,-0.0002
2021-05-05,23060.0,0.0004
2021-05-06,23067.0,0.0003
2021-05-07,23060.0,-0.0003
2021-05-10,23060.0,0.0
2021-05-11,23055.0,-0.0002
2021-05-12,23053.0,-0.0001
2021-05-13,23040.0,-0.0006
2021-05-14,23048.0,0.0003
2021-05-17,23046.0,-0.0001
2021-05-18,23040.0,-0.0003
2021-05-19,23045.0,0.0002
2021-05-20,23045.0,0.0
2021-05-21,23054.0,0.0004
2021-05-24,23056.0,0.0001
2021-05-25,23060.0,0.0002
2021-05-26,23055.0,-0.0002
2021-05-27,23045.0,-0.0004
2021-05-28,23045.0,0.0
2021-05-31,23040.0,-0.0002
2021-06-01,23044.0,0.0002
2021-06-02,23040.0,-0.0002
2021-06-03,23041.0,0.0
2021-06-04,23044.0,0.0001
2021-06-07,23000.0,-0.0019
2021-06-08,22952.0,-0.0021
2021-06-09,22955.0,0.0001
2021-06-10,22947.0,-0.0003
2021-06-11,22945.0,-0.0001
2021-06-14,22944.0,0.0
2021-06-15,22947.0,0.0001
2021-06-16,22946.0,0.0
2021-06-17,22960.0,0.0006
2021-06-18,22995.0,0.0015
2021-06-21,23014.0,0.0008
2021-06-22,23025.0,0.0005
2021-06-23,23020.0,-0.0002
2021-06-24,23003.0,-0.0007000000000000001
2021-06-25,23020.0,0.0007000000000000001
2021-06-28,23020.0,0.0
2021-06-29,23020.0,0.0
2021-06-30,23014.0,-0.0003
2021-07-01,23010.0,-0.0002
2021-07-02,22998.0,-0.0005
2021-07-05,22996.0,-0.0001
2021-07-06,23007.0,0.0005
2021-07-07,23015.0,0.0003
2021-07-08,23007.0,-0.0003
2021-07-09,23000.0,-0.0003
2021-07-12,23020.0,0.0009
2021-07-13,23010.0,-0.0004
2021-07-14,23011.0,0.0
2021-07-15,23009.0,-0.0001
2021-07-16,23011.0,0.0001
2021-07-19,23020.0,0.0004
2021-07-20,23026.0,0.0003
2021-07-21,23022.0,-0.0002
2021-07-22,23010.0,-0.0005
2021-07-23,23005.0,-0.0002
2021-07-26,23008.0,0.0001
2021-07-27,23005.0,-0.0001
2021-07-28,22999.0,-0.0003
2021-07-29,22965.0,-0.0015
2021-07-30,22950.0,-0.0007000000000000001
2021-08-02,22950.0,0.0
2021-08-03,22950.0,0.0
2021-08-04,22945.0,-0.0002
2021-08-05,22936.0,-0.0004
2021-08-06,22927.0,-0.0004
2021-08-09,22925.0,-0.0001
2021-08-10,22887.0,-0.0017000000000000001
2021-08-11,22809.0,-0.0034000000000000002
2021-08-12,22805.0,-0.0002
2021-08-13,22830.0,0.0011
2021-08-16,22830.0,0.0
2021-08-17,22830.0,0.0
2021-08-18,22807.0,-0.001
2021-08-19,22812.0,0.0002
2021-08-20,22820.0,0.0004
2021-08-23,22825.0,0.0002
2021-08-24,22820.0,-0.0002
2021-08-25,22790.0,-0.0013
2021-08-26,22785.0,-0.0002
2021-08-27,22789.0,0.0002
2021-08-30,22775.0,-0.0006
2021-08-31,22775.0,0.0
2021-09-01,22760.0,-0.0007000000000000001
2021-09-02,22760.0,0.0
2021-09-03,22760.0,0.0
2021-09-06,22760.0,0.0
2021-09-07,22758.0,-0.0001
2021-09-08,22757.0,0.0
2021-09-09,22765.0,0.0004
2021-09-10,22757.0,-0.0004
2021-09-13,22759.0,0.0001
2021-09-14,22759.0,0.0
2021-09-15,22758.0,0.0
2021-09-16,22753.0,-0.0002
2021-09-17,22770.0,0.0007000000000000001
2021-09-20,22769.0,0.0
2021-09-21,22755.0,-0.0006
2021-09-22,22760.0,0.0002
2021-09-23,22762.0,0.0001
2021-09-24,22760.0,-0.0001
2021-09-27,22766.0,0.0003
2021-09-28,22761.0,-0.0002
2021-09-29,22753.0,-0.0004
2021-09-30,22750.0,-0.0001
2021-10-01,22757.0,0.0003
2021-10-04,22757.0,0.0
2021-10-05,22754.0,-0.0001
2021-10-06,22750.0,-0.0002
2021-10-07,22750.0,0.0
2021-10-08,22757.0,0.0003
2021-10-11,22750.0,-0.0003
2021-10-12,22757.0,0.0003
2021-10-13,22757.0,0.0
2021-10-14,22757.0,0.0
2021-10-15,22758.0,0.0
2021-10-18,22758.0,0.0
2021-10-19,22755.0,-0.0001
2021-10-20,22755.0,0.0
2021-10-21,22750.0,-0.0002
2021-10-22,22754.0,0.0002
2021-10-25,22745.0,-0.0004
2021-10-26,22757.0,0.0005
2021-10-27,22755.0,-0.0001
2021-10-28,22750.0,-0.0002
2021-10-29,22750.0,0.0
2021-11-01,22750.0,0.0
2021-11-02,22748.0,-0.0001
2021-11-03,22747.0,0.0
2021-11-04,22680.0,-0.0029
2021-11-05,22680.0,0.0
2021-11-08,22660.0,-0.0009
2021-11-09,22662.0,0.0001
2021-11-10,22660.0,-0.0001
2021-11-11,22645.0,-0.0007000000000000001
2021-11-12,22640.0,-0.0002
2021-11-15,22645.0,0.0002
2021-11-16,22650.0,0.0002
2021-11-17,22648.0,-0.0001
2021-11-18,22650.0,0.0001
2021-11-19,22657.0,0.0003
2021-11-22,22670.0,0.0006
2021-11-23,22675.0,0.0002
2021-11-24,22680.0,0.0002
2021-11-25,22670.0,-0.0004
2021-11-26,22678.0,0.0004
2021-11-29,22690.0,0.0005
2021-11-30,22688.0,-0.0001
2021-12-01,22710.0,0.001
2021-12-02,22730.0,0.0009
2021-12-03,22830.0,0.0044
2021-12-06,23020.0,0.0083
2021-12-07,23070.0,0.0022
2021-12-08,22920.0,-0.006500000000000001
2021-12-09,22980.0,0.0026
2021-12-10,23025.0,0.002
2021-12-13,22975.0,-0.0022
2021-12-14,23000.0,0.0011
2021-12-15,23030.0,0.0013
2021-12-16,22990.0,-0.0017000000000000001
2021-12-17,22980.0,-0.0004
2021-12-20,22928.0,-0.0023
2021-12-21,22933.0,0.0002
2021-12-22,22955.0,0.001
2021-12-23,22950.0,-0.0002
2021-12-24,22840.0,-0.0048
2021-12-27,22810.0,-0.0013
2021-12-28,22835.0,0.0011
2021-12-29,22820.0,-0.0007000000000000001
2021-12-30,22765.0,-0.0024
2021-12-31,22825.0,0.0026
2022-01-03,22825.0,0.0
2022-01-04,22752.0,-0.0032
2022-01-05,22755.0,0.0001
2022-01-06,22745.0,-0.0004
2022-01-07,22685.0,-0.0026
2022-01-10,22695.0,0.0004
2022-01-11,22698.0,0.0001
2022-01-12,22698.0,0.0
2022-01-13,22710.0,0.0005
2022-01-14,22710.0,0.0
2022-01-17,22720.0,0.0004
2022-01-18,22750.0,0.0013
2022-01-19,22700.0,-0.0022
2022-01-20,22645.0,-0.0024
2022-01-21,22625.0,-0.0009
2022-01-24,22675.0,0.0022
2022-01-25,22630.0,-0.002
2022-01-26,22630.0,0.0
2022-01-27,22630.0,0.0
2022-01-28,22645.0,0.0007000000000000001
2022-01-31,22645.0,0.0
2022-02-01,22645.0,0.0
2022-02-02,22645.0,0.0
2022-02-03,22645.0,0.0
2022-02-04,22645.0,0.0
2022-02-07,22665.0,0.0009
2022-02-08,22715.0,0.0022
2022-02-09,22680.0,-0.0015
2022-02-10,22680.0,0.0
2022-02-11,22685.0,0.0002
2022-02-14,22725.0,0.0018
2022-02-15,22750.0,0.0011
2022-02-16,22750.0,0.0
2022-02-17,22785.0,0.0015
2022-02-18,22820.0,0.0015
2022-02-21,22800.0,-0.0009
2022-02-22,22815.0,0.0007000000000000001
2022-02-23,22825.0,0.0004
2022-02-24,22840.0,0.0007000000000000001
2022-02-25,22820.0,-0.0009
2022-02-28,22805.0,-0.0007000000000000001
2022-03-01,22815.0,0.0004
2022-03-02,22840.0,0.0011
2022-03-03,22835.0,-0.0002
2022-03-04,22830.0,-0.0002
2022-03-07,22845.0,0.0007000000000000001
2022-03-08,22845.0,0.0
2022-03-09,22835.0,-0.0004
2022-03-10,22835.0,0.0
2022-03-11,22873.0,0.0017000000000000001
2022-03-14,22890.0,0.0007000000000000001
2022-03-15,22880.0,-0.0004
2022-03-16,22879.0,0.0
2022-03-17,22865.0,-0.0006
2022-03-18,22860.0,-0.0002
2022-03-21,22860.0,0.0
2022-03-22,22870.0,0.0004
2022-03-23,22872.0,0.0001
2022-03-24,22869.0,-0.0001
2022-03-25,22861.0,-0.0003
2022-03-28,22860.0,0.0
2022-03-29,22865.0,0.0002
2022-03-30,22854.0,-0.0005
2022-03-31,22838.0,-0.0007000000000000001
2022-04-01,22837.0,0.0
2022-04-04,22846.0,0.0004
2022-04-05,22873.0,0.0012
2022-04-06,22866.0,-0.0003
2022-04-07,22859.0,-0.0003
2022-04-08,22860.0,0.0
2022-04-11,22860.0,0.0
2022-04-12,22888.0,0.0012
2022-04-13,22887.0,0.0
2022-04-14,22900.0,0.0006
2022-04-15,22899.0,0.0
2022-04-18,22890.0,-0.0004
2022-04-19,22955.0,0.0028000000000000004
2022-04-20,22962.0,0.0003
2022-04-21,22962.0,0.0
2022-04-22,22965.0,0.0001
2022-04-25,22983.0,0.0008
2022-04-26,22970.0,-0.0006
2022-04-27,22965.0,-0.0002
2022-04-28,22956.0,-0.0004
2022-04-29,22962.0,0.0003
2022-05-02,22962.0,0.0
2022-05-03,22962.0,0.0
2022-05-04,22966.0,0.0002
2022-05-05,22955.0,-0.0005
2022-05-06,22955.0,0.0
2022-05-09,22950.0,-0.0002
2022-05-10,22941.0,-0.0004
2022-05-11,23050.0,0.0048
2022-05-12,23096.0,0.002
2022-05-13,23086.0,-0.0004
2022-05-16,23095.0,0.0004
2022-05-17,23120.0,0.0011
2022-05-18,23139.0,0.0008
2022-05-19,23140.0,0.0
2022-05-20,23160.0,0.0009
2022-05-23,23170.0,0.0004
2022-05-24,23210.0,0.0017000000000000001
2022-05-25,23190.0,-0.0009
2022-05-26,23205.0,0.0006
2022-05-27,23195.0,-0.0004
2022-05-30,23176.0,-0.0008
2022-05-31,23185.0,0.0004
2022-06-01,23196.0,0.0005
2022-06-02,23193.0,-0.0001
2022-06-03,23187.0,-0.0003
2022-06-06,23180.0,-0.0003
2022-06-07,23185.0,0.0002
2022-06-08,23187.0,0.0001
2022-06-09,23155.0,-0.0014000000000000002
2022-06-10,23177.0,0.001
2022-06-13,23195.0,0.0008
2022-06-14,23210.0,0.0006
2022-06-15,23230.0,0.0009
2022-06-16,23232.0,0.0001
2022-06-17,23220.0,-0.0005
2022-06-20,23230.0,0.0004
2022-06-21,23226.0,-0.0002
2022-06-22,23235.0,0.0004
2022-06-23,23244.0,0.0004
2022-06-24,23247.0,0.0001
2022-06-27,23245.0,-0.0001
2022-06-28,23255.0,0.0004
2022-06-29,23265.0,0.0004
2022-06-30,23255.0,-0.0004
2022-07-01,23300.0,0.0019
2022-07-04,23335.0,0.0015
2022-07-05,23360.0,0.0011
2022-07-06,23373.0,0.0006
2022-07-07,23350.0,-0.001
2022-07-08,23355.0,0.0002
2022-07-11,23347.0,-0.0003
2022-07-12,23389.0,0.0018
2022-07-13,23388.0,0.0
2022-07-14,23415.0,0.0012
2022-07-15,23450.0,0.0015
2022-07-18,23440.0,-0.0004
2022-07-19,23412.0,-0.0012
2022-07-20,23410.0,-0.0001
2022-07-21,23410.0,0.0
2022-07-22,23400.0,-0.0004
2022-07-25,23385.0,-0.0006
2022-07-26,23370.0,-0.0006
2022-07-27,23375.0,0.0002
2022-07-28,23358.0,-0.0007000000000000001
2022-07-29,23335.0,-0.001
2022-08-01,23355.0,0.0009
2022-08-02,23353.0,-0.0001
2022-08-03,23394.0,0.0018
2022-08-04,23393.0,0.0
2022-08-05,23385.0,-0.0003
2022-08-08,23388.0,0.0001
2022-08-09,23385.0,-0.0001
2022-08-10,23385.0,0.0
2022-08-11,23390.0,0.0002
2022-08-12,23392.0,0.0001
2022-08-15,23400.0,0.0003
2022-08-16,23403.0,0.0001
2022-08-17,23401.0,-0.0001
2022-08-18,23401.0,0.0
2022-08-19,23400.0,0.0
2022-08-22,23410.0,0.0004
2022-08-23,23430.0,0.0009
2022-08-24,23425.0,-0.0002
2022-08-25,23423.0,-0.0001
2022-08-26,23412.0,-0.0005
2022-08-29,23430.0,0.0008
2022-08-30,23415.0,-0.0006
2022-08-31,23450.0,0.0015
2022-09-01,23450.0,0.0
2022-09-02,23450.0,0.0
2022-09-05,23505.0,0.0023
2022-09-06,23520.0,0.0006
2022-09-07,23580.0,0.0026
2022-09-08,23542.0,-0.0016
2022-09-09,23515.0,-0.0011
2022-09-12,23520.0,0.0002
2022-09-13,23553.0,0.0014000000000000002
2022-09-14,23590.0,0.0016
2022-09-15,23620.0,0.0013
2022-09-16,23650.0,0.0013
2022-09-19,23670.0,0.0008
2022-09-20,23670.0,0.0
2022-09-21,23690.0,0.0008
2022-09-22,23700.0,0.0004
2022-09-23,23700.0,0.0
2022-09-26,23715.0,0.0006
2022-09-27,23730.0,0.0006
2022-09-28,23730.0,0.0
2022-09-29,23820.0,0.0038
2022-09-30,23855.0,0.0015
2022-10-03,23880.0,0.001
2022-10-04,23875.0,-0.0002
2022-10-05,23865.0,-0.0004
2022-10-06,23870.0,0.0002
2022-10-07,23875.0,0.0002
2022-10-10,23870.0,-0.0002
2022-10-11,23925.0,0.0023
2022-10-12,23945.0,0.0008
2022-10-13,24120.0,0.0073
2022-10-14,24110.0,-0.0004
2022-10-17,24310.0,0.0083
2022-10-18,24430.0,0.0049
2022-10-19,24450.0,0.0008
2022-10-20,24530.0,0.0033
2022-10-21,24820.0,0.0118
2022-10-24,24830.0,0.0004
2022-10-25,24840.0,0.0004
2022-10-26,24830.0,-0.0004
2022-10-27,24830.0,0.0
2022-10-28,24820.0,-0.0004
2022-10-31,24840.0,0.0008
2022-11-01,24850.0,0.0004
2022-11-02,24835.0,-0.0006
2022-11-03,24860.0,0.001
2022-11-04,24870.0,0.0004
2022-11-07,24870.0,0.0
2022-11-08,24871.0,0.0
2022-11-09,24862.0,-0.0004
2022-11-10,24865.0,0.0001
2022-11-11,24805.0,-0.0024
2022-11-14,24735.0,-0.0028000000000000004
2022-11-15,24765.0,0.0012
2022-11-16,24775.0,0.0004
2022-11-17,24805.0,0.0012
2022-11-18,24800.0,-0.0002
2022-11-21,24835.0,0.0014000000000000002
2022-11-22,24850.0,0.0006
2022-11-23,24844.0,-0.0002
2022-11-24,24833.0,-0.0004
2022-11-25,24760.0,-0.0029
2022-11-28,24770.0,0.0004
2022-11-29,24750.0,-0.0008
2022-11-30,24630.0,-0.0048
2022-12-01,24500.0,-0.0053
2022-12-02,24350.0,-0.0060999999999999995
2022-12-05,23980.0,-0.0152
2022-12-06,23980.0,0.0
2022-12-07,23900.0,-0.0033
2022-12-08,23780.0,-0.005
2022-12-09,23550.0,-0.0097
2022-12-12,23680.0,0.0055000000000000005
2022-12-13,23600.0,-0.0034000000000000002
2022-12-14,23520.0,-0.0034000000000000002
2022-12-15,23500.0,-0.0009
2022-12-16,23580.0,0.0034000000000000002
2022-12-19,23700.0,0.0051
2022-12-20,23730.0,0.0013
2022-12-21,23700.0,-0.0013
2022-12-22,23630.0,-0.003
2022-12-23,23560.0,-0.003
2022-12-26,23590.0,0.0013
2022-12-27,23580.0,-0.0004
2022-12-28,23620.0,0.0017000000000000001
2022-12-29,23600.0,-0.0008
2022-12-30,23610.0,0.0004
2023-01-02,23610.0,0.0
2023-01-03,23515.0,-0.004
2023-01-04,23510.0,-0.0002
2023-01-05,23475.0,-0.0015
2023-01-06,23460.0,-0.0006
2023-01-09,23447.0,-0.0006
2023-01-10,23445.0,-0.0001
2023-01-11,23440.0,-0.0002
2023-01-12,23438.0,-0.0001
2023-01-13,23435.0,-0.0001
2023-01-16,23445.0,0.0004
2023-01-17,23427.0,-0.0008
2023-01-18,23437.0,0.0004
2023-01-19,23440.0,0.0001
2023-01-20,23440.0,0.0
2023-01-23,23440.0,0.0
2023-01-24,23440.0,0.0
2023-01-25,23440.0,0.0
2023-01-26,23440.0,0.0
2023-01-27,23460.0,0.0009
2023-01-30,23470.0,0.0004
2023-01-31,23445.0,-0.0011
2023-02-01,23440.0,-0.0002
2023-02-02,23449.0,0.0004
2023-02-03,23440.0,-0.0004
2023-02-06,23480.0,0.0017000000000000001
2023-02-07,23600.0,0.0051
2023-02-08,23590.0,-0.0004
2023-02-09,23560.0,-0.0013
2023-02-10,23565.0,0.0002
2023-02-13,23595.0,0.0013
2023-02-14,23600.0,0.0002
2023-02-15,23615.0,0.0006
2023-02-16,23680.0,0.0028000000000000004
2023-02-17,23810.0,0.0055000000000000005
2023-02-20,23725.0,-0.0036
2023-02-21,23705.0,-0.0008
2023-02-22,23780.0,0.0032
2023-02-23,23815.0,0.0015
2023-02-24,23780.0,-0.0015
2023-02-27,23805.0,0.0011
2023-02-28,23740.0,-0.0027
2023-03-01,23710.0,-0.0013
2023-03-02,23700.0,-0.0004
2023-03-03,23710.0,0.0004
2023-03-06,23650.0,-0.0025
2023-03-07,23640.0,-0.0004
2023-03-08,23710.0,0.003
2023-03-09,23680.0,-0.0013
2023-03-10,23660.0,-0.0008
2023-03-13,23570.0,-0.0038
2023-03-14,23570.0,0.0
2023-03-15,23565.0,-0.0002
2023-03-16,23560.0,-0.0002
2023-03-17,23570.0,0.0004
2023-03-20,23570.0,0.0
2023-03-21,23570.0,0.0
2023-03-22,23510.0,-0.0025
2023-03-23,23490.0,-0.0009
2023-03-24,23510.0,0.0009
2023-03-27,23500.0,-0.0004
2023-03-28,23480.0,-0.0009
2023-03-29,23480.0,0.0
2023-03-30,23470.0,-0.0004
2023-03-31,23450.0,-0.0009
2023-04-03,23470.0,0.0009
2023-04-04,23460.0,-0.0004
2023-04-05,23465.0,0.0002
2023-04-06,23451.0,-0.0006
2023-04-07,23442.0,-0.0004
2023-04-10,23440.0,-0.0001
2023-04-11,23445.0,0.0002
2023-04-12,23442.0,-0.0001
2023-04-13,23440.0,-0.0001
2023-04-14,23440.0,0.0
2023-04-17,23485.0,0.0019
2023-04-18,23505.0,0.0009
2023-04-19,23511.0,0.0003
2023-04-20,23488.0,-0.001
2023-04-21,23485.0,-0.0001
2023-04-24,23494.0,0.0004
2023-04-25,23473.0,-0.0009
2023-04-26,23465.0,-0.0003
2023-04-27,23445.0,-0.0009
2023-04-28,23450.0,0.0002
2023-05-01,23450.0,0.0
2023-05-02,23450.0,0.0
2023-05-03,23450.0,0.0
2023-05-04,23445.0,-0.0002
2023-05-05,23440.0,-0.0002
2023-05-08,23443.0,0.0001
2023-05-09,23460.0,0.0007000000000000001
2023-05-10,23465.0,0.0002
2023-05-11,23465.0,0.0
2023-05-12,23450.0,-0.0006
2023-05-15,23458.0,0.0003
2023-05-16,23450.0,-0.0003
2023-05-17,23450.0,0.0
2023-05-18,23450.0,0.0
2023-05-19,23460.0,0.0004
2023-05-22,23438.0,-0.0009
2023-05-23,23470.0,0.0014000000000000002
2023-05-24,23470.0,0.0
2023-05-25,23470.0,0.0
2023-05-26,23475.0,0.0002
2023-05-29,23465.0,-0.0004
2023-05-30,23480.0,0.0006
2023-05-31,23485.0,0.0002
2023-06-01,23485.0,0.0
2023-06-02,23475.0,-0.0004
2023-06-05,23495.0,0.0009
2023-06-06,23485.0,-0.0004
2023-06-07,23485.0,0.0
2023-06-08,23490.0,0.0002
2023-06-09,23470.0,-0.0009
2023-06-12,23480.0,0.0004
2023-06-13,23495.0,0.0006
2023-06-14,23500.0,0.0002
2023-06-15,23525.0,0.0011
2023-06-16,23520.0,-0.0002
2023-06-19,23520.0,0.0
2023-06-20,23520.0,0.0
2023-06-21,23505.0,-0.0006
2023-06-22,23515.0,0.0004
2023-06-23,23515.0,0.0
2023-06-26,23530.0,0.0006
2023-06-27,23520.0,-0.0004
2023-06-28,23555.0,0.0015
2023-06-29,23569.0,0.0006
2023-06-30,23575.0,0.0003
2023-07-03,23695.0,0.0051
2023-07-04,23700.0,0.0002
2023-07-05,23745.0,0.0019
2023-07-06,23710.0,-0.0015
2023-07-07,23635.0,-0.0032
2023-07-10,23640.0,0.0002
2023-07-11,23690.0,0.0021
2023-07-12,23660.0,-0.0013
2023-07-13,23665.0,0.0002
2023-07-14,23630.0,-0.0015
2023-07-17,23630.0,0.0
2023-07-18,23635.0,0.0002
2023-07-19,23630.0,-0.0002
2023-07-20,23647.0,0.0007000000000000001
2023-07-21,23656.0,0.0004
2023-07-24,23665.0,0.0004
2023-07-25,23655.0,-0.0004
2023-07-26,23665.0,0.0004
2023-07-27,23661.0,-0.0002
2023-07-28,23685.0,0.001
2023-07-31,23680.0,-0.0002
2023-08-01,23680.0,0.0
2023-08-02,23735.0,0.0023
2023-08-03,23750.0,0.0006
2023-08-04,23725.0,-0.0011
2023-08-07,23720.0,-0.0002
2023-08-08,23730.0,0.0004
2023-08-09,23735.0,0.0002
2023-08-10,23740.0,0.0002
2023-08-11,23750.0,0.0004
2023-08-14,23815.0,0.0027
2023-08-15,23965.0,0.0063
2023-08-16,23935.0,-0.0013
2023-08-17,23850.0,-0.0036
2023-08-18,23805.0,-0.0019
2023-08-21,23805.0,0.0
2023-08-22,23920.0,0.0048
2023-08-23,23985.0,0.0027
2023-08-24,23995.0,0.0004
2023-08-25,24024.0,0.0012
2023-08-28,24080.0,0.0023
2023-08-29,24180.0,0.0042
2023-08-30,24110.0,-0.0029
2023-08-31,24060.0,-0.0021
2023-09-01,24060.0,0.0
2023-09-04,24060.0,0.0
2023-09-05,24050.0,-0.0004
2023-09-06,24055.0,0.0002
2023-09-07,24060.0,0.0002
2023-09-08,24055.0,-0.0002
2023-09-11,24075.0,0.0008
2023-09-12,24100.0,0.001
2023-09-13,24155.0,0.0023
2023-09-14,24220.0,0.0027
2023-09-15,24250.0,0.0012
2023-09-18,24370.0,0.0049
2023-09-19,24370.0,0.0
2023-09-20,24270.0,-0.0040999999999999995
2023-09-21,24310.0,0.0016
2023-09-22,24360.0,0.0021
2023-09-25,24380.0,0.0008
2023-09-26,24380.0,0.0
2023-09-27,24385.0,0.0002
2023-09-28,24385.0,0.0
2023-09-29,24280.0,-0.0043
2023-10-02,24340.0,0.0025
2023-10-03,24385.0,0.0018
2023-10-04,24420.0,0.0014000000000000002
2023-10-05,24380.0,-0.0016
2023-10-06,24360.0,-0.0008
2023-10-09,24370.0,0.0004
2023-10-10,24390.0,0.0008
2023-10-11,24440.0,0.0021
2023-10-12,24435.0,-0.0002
2023-10-13,24440.0,0.0002
2023-10-16,24460.0,0.0008
2023-10-17,24490.0,0.0012
2023-10-18,24555.0,0.0027
2023-10-19,24550.0,-0.0002
2023-10-20,24520.0,-0.0012
2023-10-23,24590.0,0.0029
2023-10-24,24550.0,-0.0016
2023-10-25,24560.0,0.0004
2023-10-26,24590.0,0.0012
2023-10-27,24570.0,-0.0008
2023-10-30,24558.0,-0.0005
2023-10-31,24560.0,0.0001
2023-11-01,24585.0,0.001
2023-11-02,24570.0,-0.0006
2023-11-03,24520.0,-0.002
2023-11-06,24335.0,-0.0075
2023-11-07,24310.0,-0.001
2023-11-08,24370.0,0.0025
2023-11-09,24340.0,-0.0012
2023-11-10,24315.0,-0.001
2023-11-13,24383.0,0.0028000000000000004
2023-11-14,24355.0,-0.0011
2023-11-15,24290.0,-0.0027
2023-11-16,24288.0,-0.0001
2023-11-17,24250.0,-0.0016
2023-11-20,24170.0,-0.0033
2023-11-21,24130.0,-0.0017000000000000001
2023-11-22,24205.0,0.0031
2023-11-23,24240.0,0.0014000000000000002
2023-11-24,24260.0,0.0008
2023-11-27,24230.0,-0.0012
2023-11-28,24230.0,0.0
2023-11-29,24260.0,0.0012
2023-11-30,24250.0,-0.0004
2023-12-01,24290.0,0.0016
2023-12-04,24250.0,-0.0016
2023-12-05,24266.0,0.0007000000000000001
2023-12-06,24274.0,0.0003
2023-12-07,24275.0,0.0
2023-12-08,24220.0,-0.0023
2023-12-11,24250.0,0.0012
2023-12-12,24260.0,0.0004
2023-12-13,24279.0,0.0008
2023-12-14,24245.0,-0.0014000000000000002
2023-12-15,24260.0,0.0006
2023-12-18,24350.0,0.0037
2023-12-19,24350.0,0.0
2023-12-20,24335.0,-0.0006
2023-12-21,24320.0,-0.0006
2023-12-22,24235.0,-0.0034999999999999996
2023-12-25,24230.0,-0.0002
2023-12-26,24325.0,0.0039000000000000003
2023-12-27,24345.0,0.0008
2023-12-28,24235.0,-0.0045000000000000005
2023-12-29,24260.0,0.001
2024-01-01,24260.0,0.0
2024-01-02,24325.0,0.0027
2024-01-03,24370.0,0.0018
2024-01-04,24360.0,-0.0004
2024-01-05,24370.0,0.0004
2024-01-08,24330.0,-0.0016
2024-01-09,24360.0,0.0012
2024-01-10,24405.0,0.0018
2024-01-11,24475.0,0.0029
2024-01-12,24490.0,0.0006
2024-01-15,24470.0,-0.0008
2024-01-16,24500.0,0.0012
2024-01-17,24530.0,0.0012
2024-01-18,24545.0,0.0006
2024-01-19,24540.0,-0.0002
2024-01-22,24550.0,0.0004
2024-01-23,24565.0,0.0006
2024-01-24,24600.0,0.0014000000000000002
2024-01-25,24605.0,0.0002
2024-01-26,24595.0,-0.0004
2024-01-29,24530.0,-0.0026
2024-01-30,24395.0,-0.0055000000000000005
2024-01-31,24415.0,0.0008
2024-02-01,24400.0,-0.0006
2024-02-02,24335.0,-0.0027
2024-02-05,24370.0,0.0014000000000000002
2024-02-06,24355.0,-0.0006
2024-02-07,24400.0,0.0018
2024-02-08,24400.0,0.0
2024-02-09,24400.0,0.0
2024-02-12,24400.0,0.0
2024-02-13,24400.0,0.0
2024-02-14,24400.0,0.0
2024-02-15,24450.0,0.002
2024-02-16,24510.0,0.0025
2024-02-19,24530.0,0.0008
2024-02-20,24525.0,-0.0002
2024-02-21,24525.0,0.0
2024-02-22,24590.0,0.0027
2024-02-23,24630.0,0.0016
2024-02-26,24660.0,0.0012
2024-02-27,24625.0,-0.0014000000000000002
2024-02-28,24620.0,-0.0002
2024-02-29,24640.0,0.0008
2024-03-01,24640.0,0.0
2024-03-04,24676.0,0.0015
2024-03-05,24690.0,0.0006
2024-03-06,24665.0,-0.001
2024-03-07,24680.0,0.0006
2024-03-08,24640.0,-0.0016
2024-03-11,24635.0,-0.0002
2024-03-12,24645.0,0.0004
2024-03-13,24675.0,0.0012
2024-03-14,24690.0,0.0006
2024-03-15,24710.0,0.0008
2024-03-18,24715.0,0.0002
2024-03-19,24740.0,0.001
2024-03-20,24775.0,0.0014000000000000002
2024-03-21,24785.0,0.0004
2024-03-22,24768.0,-0.0007000000000000001
2024-03-25,24740.0,-0.0011
2024-03-26,24770.0,0.0012
2024-03-27,24785.0,0.0006
2024-03-28,24790.0,0.0002
2024-03-29,24810.0,0.0008
2024-04-01,24795.0,-0.0006
2024-04-02,24900.0,0.0042
2024-04-03,25000.0,0.004
2024-04-04,24935.0,-0.0026
2024-04-05,24950.0,0.0006
2024-04-08,24960.0,0.0004
2024-04-09,24945.0,-0.0006
2024-04-10,24935.0,-0.0004
2024-04-11,24980.0,0.0018
2024-04-12,25015.0,0.0014000000000000002
2024-04-15,25180.0,0.0066
2024-04-16,25280.0,0.004
2024-04-17,25400.0,0.004699999999999999
2024-04-18,25400.0,0.0
2024-04-19,25440.0,0.0016
2024-04-22,25455.0,0.0006
2024-04-23,25440.0,-0.0006
2024-04-24,25405.0,-0.0014000000000000002
2024-04-25,25350.0,-0.0022
2024-04-26,25330.0,-0.0008
2024-04-29,25330.0,0.0
2024-04-30,25330.0,0.0
2024-05-01,25330.0,0.0
2024-05-02,25390.0,0.0024
2024-05-03,25400.0,0.0004
2024-05-06,25370.0,-0.0012
2024-05-07,25400.0,0.0012
2024-05-08,25425.0,0.001
2024-05-09,25440.0,0.0006
2024-05-10,25450.0,0.0004
2024-05-13,25453.0,0.0001
2024-05-14,25450.0,-0.0001
2024-05-15,25445.0,-0.0002
2024-05-16,25431.0,-0.0006
2024-05-17,25448.0,0.0007000000000000001
2024-05-20,25452.0,0.0002
2024-05-21,25461.0,0.0004
2024-05-22,25464.0,0.0001
2024-05-23,25469.0,0.0002
2024-05-24,25465.0,-0.0002
2024-05-27,25445.0,-0.0008
2024-05-28,25448.0,0.0001
2024-05-29,25450.0,0.0001
2024-05-30,25450.0,0.0
2024-05-31,25440.0,-0.0004
2024-06-03,25432.0,-0.0003
2024-06-04,25410.0,-0.0009
2024-06-05,25415.0,0.0002
2024-06-06,25420.0,0.0002
2024-06-07,25400.0,-0.0008
2024-06-10,25415.0,0.0006
2024-06-11,25435.0,0.0008
2024-06-12,25435.0,0.0
2024-06-13,25435.0,0.0
2024-06-14,25450.0,0.0006
2024-06-17,25450.0,0.0
2024-06-18,25445.0,-0.0002
2024-06-19,25450.0,0.0002
2024-06-20,25450.0,0.0
2024-06-21,25450.0,0.0
2024-06-24,25455.0,0.0002
2024-06-25,25455.0,0.0
2024-06-26,25465.0,0.0004
2024-06-27,25455.0,-0.0004
2024-06-28,25445.0,-0.0004
2024-07-01,25450.0,0.0002
2024-07-02,25450.0,0.0
2024-07-03,25450.0,0.0
2024-07-04,25450.0,0.0
2024-07-05,25412.0,-0.0015
2024-07-08,25415.0,0.0001
2024-07-09,25413.0,-0.0001
2024-07-10,25415.0,0.0001
2024-07-11,25423.0,0.0003
2024-07-12,25410.0,-0.0005
2024-07-15,25360.0,-0.002
2024-07-16,25375.0,0.0006
2024-07-17,25315.0,-0.0024
2024-07-18,25310.0,-0.0002
2024-07-19,25315.0,0.0002
2024-07-22,25325.0,0.0004
2024-07-23,25355.0,0.0012
2024-07-24,25350.0,-0.0002
2024-07-25,25285.0,-0.0026
2024-07-26,25300.0,0.0006
2024-07-29,25275.0,-0.001
2024-07-30,25275.0,0.0
2024-07-31,25235.0,-0.0016
2024-08-01,25215.0,-0.0008
2024-08-02,25205.0,-0.0004
2024-08-05,25080.0,-0.005
2024-08-06,25130.0,0.002
2024-08-07,25155.0,0.001
2024-08-08,25135.0,-0.0008
2024-08-09,25090.0,-0.0018
2024-08-12,25120.0,0.0012
2024-08-13,25115.0,-0.0002
2024-08-14,25020.0,-0.0038
2024-08-15,25035.0,0.0006
2024-08-16,25050.0,0.0006
2024-08-19,24960.0,-0.0036
2024-08-20,24915.0,-0.0018
2024-08-21,24930.0,0.0006
2024-08-22,24960.0,0.0012
2024-08-23,24965.0,0.0002
2024-08-26,24860.0,-0.0042
2024-08-27,24820.0,-0.0016
2024-08-28,24855.0,0.0014000000000000002
2024-08-29,24870.0,0.0006
2024-08-30,24860.0,-0.0004
2024-09-02,24860.0,0.0
2024-09-03,24860.0,0.0
2024-09-04,24852.0,-0.0003
2024-09-05,24730.0,-0.0049
2024-09-06,24600.0,-0.0053
2024-09-09,24680.0,0.0033
2024-09-10,24660.0,-0.0008
2024-09-11,24550.0,-0.0045000000000000005
2024-09-12,24575.0,0.001
2024-09-13,24530.0,-0.0018
2024-09-16,24530.0,0.0
2024-09-17,24620.0,0.0037
2024-09-18,24600.0,-0.0008
2024-09-19,24565.0,-0.0014000000000000002
2024-09-20,24590.0,0.001
2024-09-23,24615.0,0.001
2024-09-24,24590.0,-0.001
2024-09-25,24580.0,-0.0004
2024-09-26,24615.0,0.0014000000000000002
2024-09-27,24590.0,-0.001
2024-09-30,24555.0,-0.0014000000000000002
2024-10-01,24595.0,0.0016
2024-10-02,24652.0,0.0023
2024-10-03,24745.0,0.0038
2024-10-04,24755.0,0.0004
2024-10-07,24840.0,0.0034000000000000002
2024-10-08,24835.0,-0.0002
2024-10-09,24830.0,-0.0002
2024-10-10,24830.0,0.0
2024-10-11,24805.0,-0.001
2024-10-14,24840.0,0.0014000000000000002
2024-10-15,24925.0,0.0034000000000000002
2024-10-16,24970.0,0.0018
2024-10-17,25180.0,0.0084
2024-10-18,25150.0,-0.0012
2024-10-21,25285.0,0.0054
2024-10-22,25390.0,0.0042
2024-10-23,25400.0,0.0004
2024-10-24,25385.0,-0.0006
2024-10-25,25355.0,-0.0012
2024-10-28,25345.0,-0.0004
2024-10-29,25295.0,-0.002
2024-10-30,25280.0,-0.0006
2024-10-31,25270.0,-0.0004
2024-11-01,25280.0,0.0004
2024-11-04,25310.0,0.0012
2024-11-05,25330.0,0.0008
2024-11-06,25370.0,0.0016
2024-11-07,25350.0,-0.0008
2024-11-08,25260.0,-0.0036
2024-11-11,25310.0,0.002
2024-11-12,25340.0,0.0012
2024-11-13,25330.0,-0.0004
2024-11-14,25390.0,0.0024
2024-11-15,25380.0,-0.0004
2024-11-18,25405.0,0.001
2024-11-19,25395.0,-0.0004
2024-11-20,25415.0,0.0008
2024-11-21,25415.0,0.0
2024-11-22,25417.0,0.0001
2024-11-25,25410.0,-0.0003
2024-11-26,25405.0,-0.0002
2024-11-27,25375.0,-0.0012
2024-11-28,25358.0,-0.0007000000000000001
2024-11-29,25344.0,-0.0006
2024-12-02,25374.0,0.0012
2024-12-03,25395.0,0.0008
2024-12-04,25400.0,0.0002
2024-12-05,25380.0,-0.0008
2024-12-06,25375.0,-0.0002
2024-12-09,25370.0,-0.0002
2024-12-10,25360.0,-0.0004
2024-12-11,25380.0,0.0008
2024-12-12,25394.0,0.0006
2024-12-13,25400.0,0.0002
2024-12-16,25385.0,-0.0006
2024-12-17,25430.0,0.0018
2024-12-18,25445.0,0.0006
2024-12-19,25450.0,0.0002
2024-12-20,25445.0,-0.0002
2024-12-23,25440.0,-0.0002
2024-12-24,25425.0,-0.0006
2024-12-25,25420.0,-0.0002
2024-12-26,25425.0,0.0002
2024-12-27,25445.0,0.0008
2024-12-30,25476.0,0.0012
2024-12-31,25480.0,0.0002
2025-01-01,25480.0,0.0
2025-01-02,25450.0,-0.0012
2025-01-03,25400.0,-0.002
2025-01-06,25370.0,-0.0012
2025-01-07,25360.0,-0.0004
2025-01-08,25370.0,0.0004
2025-01-09,25375.0,0.0002
2025-01-10,25360.0,-0.0006
2025-01-13,25390.0,0.0012
2025-01-14,25380.0,-0.0004
2025-01-15,25375.0,-0.0002
2025-01-16,25370.0,-0.0002
2025-01-17,25315.0,-0.0022
2025-01-20,25315.0,0.0
2025-01-21,25260.0,-0.0022
2025-01-22,25050.0,-0.0083
2025-01-23,25080.0,0.0012
2025-01-24,25060.0,-0.0008
2025-01-27,25060.0,0.0
2025-01-28,25060.0,0.0
2025-01-29,25060.0,0.0
2025-01-30,25060.0,0.0
2025-01-31,25060.0,0.0
2025-02-03,25280.0,0.0088
2025-02-04,25160.0,-0.004699999999999999
2025-02-05,25145.0,-0.0006
2025-02-06,25260.0,0.0046
2025-02-07,25290.0,0.0012
2025-02-10,25380.0,0.0036
2025-02-11,25530.0,0.0059
2025-02-12,25550.0,0.0008
2025-02-13,25440.0,-0.0043
2025-02-14,25370.0,-0.0028000000000000004
2025-02-17,25470.0,0.0039000000000000003
2025-02-18,25500.0,0.0012
2025-02-19,25515.0,0.0006
2025-02-20,25500.0,-0.0006
2025-02-21,25510.0,0.0004
2025-02-24,25468.0,-0.0016
2025-02-25,25520.0,0.002
2025-02-26,25535.0,0.0006
2025-02-27,25520.0,-0.0006
2025-02-28,25530.0,0.0004
2025-03-03,25575.0,0.0018
2025-03-04,25540.0,-0.0014000000000000002
2025-03-05,25490.0,-0.002
2025-03-06,25485.0,-0.0002
2025-03-07,25480.0,-0.0002
2025-03-10,25525.0,0.0018
2025-03-11,25450.0,-0.0029
2025-03-12,25445.0,-0.0002
2025-03-13,25490.0,0.0018
2025-03-14,25500.0,0.0004
2025-03-17,25510.0,0.0004
2025-03-18,25510.0,0.0
2025-03-19,25535.0,0.001
2025-03-20,25545.0,0.0004
2025-03-21,25585.0,0.0016
2025-03-24,25620.0,0.0014000000000000002
2025-03-25,25600.0,-0.0008
2025-03-26,25555.0,-0.0018
2025-03-27,25560.0,0.0002
2025-03-28,25550.0,-0.0004
2025-03-31,25565.0,0.0006
2025-04-01,25620.0,0.0022
2025-04-02,25600.0,-0.0008
2025-04-03,25790.0,0.0074
2025-04-04,25780.0,-0.0004
2025-04-07,25780.0,0.0
2025-04-08,25995.0,0.0083
2025-04-09,25960.0,-0.0013
2025-04-10,25740.0,-0.0085
2025-04-11,25715.0,-0.001
2025-04-14,25824.0,0.0042
2025-04-15,25790.0,-0.0013
2025-04-16,25830.0,0.0016
2025-04-17,25837.0,0.0003
2025-04-18,25925.0,0.0034000000000000002
2025-04-21,25871.0,-0.0021
2025-04-22,25965.0,0.0036
2025-04-23,25995.0,0.0012
2025-04-24,26029.0,0.0013
2025-04-25,26021.5,-0.0003
2025-04-26,26025.0,0.0001
2025-04-28,26000.0,-0.001
2025-04-29,26005.0,0.0002
2025-04-30,26005.0,0.0
2025-05-01,26005.0,0.0
2025-05-02,26005.0,0.0
2025-05-05,25957.5,-0.0018
2025-05-06,25963.5,0.0002
2025-05-07,25962.5,0.0
2025-05-08,25963.5,0.0
2025-05-09,25978.5,0.0006
2025-05-12,25971.0,-0.0003
2025-05-13,25961.5,-0.0004
2025-05-14,25930.0,-0.0012
2025-05-15,25947.5,0.0007000000000000001
2025-05-16,25921.5,-0.001
2025-05-19,25947.5,0.001
2025-05-20,25970.0,0.0009
2025-05-21,25973.0,0.0001
2025-05-22,25976.5,0.0001
2025-05-23,25954.0,-0.0009
2025-05-26,25912.5,-0.0016
2025-05-27,25917.5,0.0002
2025-05-28,25970.0,0.002
2025-05-29,26025.0,0.0021
2025-05-30,26021.5,-0.0001
2025-06-02,26029.0,0.0003
2025-06-03,26055.0,0.001
2025-06-04,26084.0,0.0011
2025-06-05,26082.5,-0.0001
2025-06-06,26054.0,-0.0011
2025-06-09,26042.5,-0.0004
2025-06-10,26012.5,-0.0012
2025-06-11,26030.0,0.0007000000000000001
2025-06-12,26037.5,0.0003
2025-06-13,26075.0,0.0014000000000000002
2025-06-16,26061.5,-0.0005
2025-06-17,26081.5,0.0008
2025-06-18,26101.5,0.0008
2025-06-19,26128.0,0.001
2025-06-20,26128.5,0.0
2025-06-23,26215.0,0.0033
2025-06-24,26170.0,-0.0017000000000000001
2025-06-25,26155.0,-0.0006
2025-06-26,26120.0,-0.0013
2025-06-27,26095.0,-0.001
2025-06-30,26120.5,0.001
2025-07-01,26130.0,0.0004
2025-07-02,26170.0,0.0015
2025-07-03,26200.0,0.0011
2025-07-04,26180.0,-0.0008
2025-07-07,26145.0,-0.0013
2025-07-08,26135.0,-0.0004
2025-07-09,26139.0,0.0002
2025-07-10,26114.5,-0.0009
2025-07-11,26114.5,0.0
2025-07-14,26125.0,0.0004
2025-07-15,26137.5,0.0005
2025-07-16,26160.0,0.0009
2025-07-17,26160.0,0.0
2025-07-18,26160.0,0.0
2025-07-21,26155.0,-0.0002
2025-07-22,26145.0,-0.0004
2025-07-23,26150.0,0.0002
2025-07-24,26135.0,-0.0006
2025-07-25,26145.0,0.0004
2025-07-28,26200.0,0.0021
2025-07-29,26225.0,0.001
2025-07-30,26202.5,-0.0009
2025-07-31,26199.0,-0.0001
2025-08-01,26220.0,0.0008
2025-08-04,26176.5,-0.0017000000000000001
2025-08-05,26250.0,0.0028000000000000004
2025-08-06,26225.0,-0.001
2025-08-07,26215.0,-0.0004
2025-08-08,26225.0,0.0004
2025-08-11,26233.0,0.0003
2025-08-12,26270.0,0.0014000000000000002
2025-08-13,26290.0,0.0008
2025-08-14,26265.0,-0.001
2025-08-15,26270.0,0.0002
2025-08-18,26300.0,0.0011
2025-08-19,26320.0,0.0008
2025-08-20,26390.0,0.0027
2025-08-21,26432.5,0.0016
2025-08-22,26350.0,-0.0031
2025-08-25,26305.0,-0.0017000000000000001
2025-08-26,26365.0,0.0023
2025-08-27,26380.0,0.0006
2025-08-28,26375.0,-0.0002
2025-08-29,26345.0,-0.0011
2025-09-01,26345.0,0.0
2025-09-02,26345.0,0.0
2025-09-03,26387.5,0.0016
2025-09-04,26390.0,0.0001
2025-09-05,26400.0,0.0004
2025-09-08,26415.0,0.0006
2025-09-09,26387.5,-0.001
2025-09-10,26395.0,0.0003
2025-09-11,26402.5,0.0003
2025-09-12,26385.0,-0.0007000000000000001
2025-09-15,26385.0,0.0
2025-09-16,26382.5,-0.0001
2025-09-17,26375.0,-0.0003
2025-09-18,26385.0,0.0004
2025-09-19,26382.5,-0.0001
2025-09-22,26417.5,0.0013
2025-09-23,26420.0,0.0001
2025-09-24,26419.0,0.0
2025-09-25,26405.0,-0.0005
2025-09-26,26410.0,0.0002
2025-09-29,26421.0,0.0004
2025-09-30,26427.0,0.0002
2025-10-01,26410.0,-0.0006
2025-10-02,26395.5,-0.0005
2025-10-03,26381.0,-0.0005
2025-10-06,26365.0,-0.0006
2025-10-07,26365.0,0.0
2025-10-08,26360.0,-0.0002
2025-10-09,26347.5,-0.0005
2025-10-10,26340.0,-0.0003
2025-10-13,26345.0,0.0002
2025-10-14,26355.5,0.0004
2025-10-15,26340.0,-0.0006
2025-10-16,26335.0,-0.0002
2025-10-17,26342.0,0.0003
2025-10-20,26342.5,0.0
2025-10-21,26343.0,0.0
2025-10-22,26347.5,0.0002
2025-10-23,26332.0,-0.0006
2025-10-24,26305.0,-0.001
2025-10-27,26305.0,0.0
2025-10-28,26328.0,0.0009
2025-10-29,26336.0,0.0003
2025-10-30,26330.0,-0.0002
2025-10-31,26315.0,-0.0006
2025-11-03,26312.0,-0.0001
2025-11-04,26320.0,0.0003
2025-11-05,26322.5,0.0001
2025-11-06,26315.0,-0.0003
2025-11-07,26310.0,-0.0002
2025-11-10,26300.0,-0.0004
2025-11-11,26315.0,0.0006
2025-11-12,26355.0,0.0015
2025-11-13,26355.0,0.0
2025-11-14,26350.0,-0.0002
2025-11-17,26355.0,0.0002
2025-11-18,26383.0,0.0011
2025-11-19,26377.0,-0.0002
2025-11-20,26376.0,0.0
2025-11-21,26353.0,-0.0009
2025-11-24,26375.5,0.0009
2025-11-25,26373.0,-0.0001
2025-11-26,26376.5,0.0001
2025-11-27,26375.5,0.0
2025-11-28,26365.0,-0.0004
2025-12-01,26370.0,0.0002
2025-12-02,26375.0,0.0002
2025-12-03,26372.5,-0.0001
2025-12-04,26374.5,0.0001
2025-12-05,26360.0,-0.0005
2025-12-08,26360.0,0.0
2025-12-09,26372.5,0.0005
2025-12-10,26357.0,-0.0006
